{"cameraMode":{"drawMode":0,"name":"Shaded","section":"Shading Mode"},"sceneLighting":true,"audioPlay":false,"sceneViewState":{"m_AlwaysRefresh":false,"showFog":true,"showSkybox":true,"showFlares":true,"showImageEffects":true,"showParticleSystems":true,"showVisualEffectGraphs":true,"m_FxEnabled":true},"in2DMode":false,"pivot":{"x":-17.707887649536134,"y":5.0231170654296879,"z":9.642925262451172},"rotation":{"x":0.27183032035827639,"y":-0.6414993405342102,"z":0.26106736063957217,"w":0.6682683825492859},"size":14.389294624328614,"orthographic":false}