{"cameraMode":{"drawMode":0,"name":"Shaded","section":"Shading Mode"},"sceneLighting":false,"audioPlay":false,"sceneViewState":{"m_AlwaysRefresh":false,"showFog":true,"showSkybox":false,"showFlares":true,"showImageEffects":true,"showParticleSystems":true,"showVisualEffectGraphs":true,"m_FxEnabled":true},"in2DMode":false,"pivot":{"x":0.04561382532119751,"y":0.7598156332969666,"z":0.011344552040100098},"rotation":{"x":0.060497574508190158,"y":-0.9253345727920532,"z":0.33507010340690615,"w":0.167258158326149},"size":1.5493743419647217,"orthographic":false}